{"Game":"Stellaris","IsSelected":true,"MergedFolderName":null,"ModIds":[{"ParadoxId":null,"SteamId":null},{"ParadoxId":null,"SteamId":null},{"ParadoxId":null,"SteamId":null},{"ParadoxId":null,"SteamId":null},{"ParadoxId":null,"SteamId":null},{"ParadoxId":null,"SteamId":null},{"ParadoxId":null,"SteamId":null},{"ParadoxId":null,"SteamId":null},{"ParadoxId":null,"SteamId":null}],"ModNames":["Diverse Rooms","More Events Mod","UI Overhaul Dynamic","Known Precursor","Astronomical Emblem Pack","Plentiful Traditions","More Traditions","Fleet Transfer Mod","Tiyanki Tod mod"],"ModPaths":null,"Mods":["mod/Diverse Rooms.mod","mod/More Events Mod.mod","mod/UI Overhaul Dynamic.mod","mod/Precursor.mod","mod/Astronomical Emblem Pack.mod","mod/Plentiful Traditions.mod","mod/More Traditions.mod","mod/Fleet Transfer Mod.mod","mod/Tiyanki Tod mod.mod"],"Name":"Абоба","PatchModEnabled":true}